{"cameraMode":{"drawMode":0,"name":"Shaded","section":"Shading Mode"},"sceneLighting":true,"audioPlay":false,"sceneViewState":{"showFog":true,"showMaterialUpdate":false,"showSkybox":true,"showFlares":true,"showImageEffects":true,"showParticleSystems":true},"in2DMode":false,"pivot":{"x":1234.0616455078125,"y":583.1936645507813,"z":478.5849609375},"rotation":{"x":-0.03568282723426819,"y":0.000902047089766711,"z":0.00003184224624419585,"w":0.9993628263473511},"size":3023.584228515625,"orthographic":false}